{
  "tags": {
    "allowUnknownTags": true,
    "dictionaries": [
      "jsdoc",
      "closure"
    ]
  },
  "source": {
    "includePattern": ".+\\.js(doc)?$",
    "excludePattern": ""
  },
  "plugins": [
    "node_modules/jsdoc-babel"
  ],
  "templates": {
    "cleverLinks": true,
    "monospaceLinks": false,
    "default": {
      "outputSourceFiles": true
    },
    "systemName": "FRONTEND FRAMEWORK BOILERPLATE",
    "footer": "",
    "copyright": "Rik Hoffbauer 2015",
    "navType": "vertical",
    "theme": "oblivion",
    "linenums": true,
    "collapseSymbols": false,
    "inverseNav": true
  },
  "opts": {
    "encoding": "utf8",
    "destination": "./build/docs",
    "template": "./node_modules/jsdoc-oblivion/template",
    "recurse": true,
    "tutorials": "./docs"
  }
}